Demand,Avail_Sol,Avail_Wind_On,Avail_Wind_Off,Hyd_In,HydRoR_In
0.7860831600976311,0.1857500178961474,0.23772700808023448,0.44345740577956455,0.0,1934.9226130653267
0.7788042594454767,0.053269935894265236,0.33994950861146955,0.5968154752494623,0.0,1785.6
