Demand,Avail_Sol,Avail_Wind_On,Avail_Wind_Off,Hyd_In,HydRoR_In
0.7862989337687329,0.17378082368961473,0.29687013863852596,0.42717241723701843,12933.4824120603,637.345728643216
0.7849039987493889,0.05104981589354839,0.4205207412440861,0.5786946118505376,19802.548387096773,976.1483870967742
