Demand,Avail_Sol,Avail_Wind_On,Avail_Wind_Off,Hyd_In,HydRoR_In
0.8017888281752964,0.17176386266683416,0.23047962410234507,0.4414362847879398,7618.028140703517,0.0
0.7976566526316488,0.052627797067383505,0.3280318186498208,0.5910016258738352,10194.645161290322,0.0
