Demand,Avail_Sol,Avail_Wind_On,Avail_Wind_Off,Hyd_In,HydRoR_In
0.7701518990530914,0.1957239344324958,0.3483897956906199,0.46039441178090457,0.0,0.0
0.7682685975423956,0.08223950801612903,0.49762353800179215,0.6448689016541219,0.0,0.0
