Demand,Avail_Sol,Avail_Wind_On,Avail_Wind_Off,Hyd_In,HydRoR_In
0.7377719050967753,0.19772145225427135,0.25975155098140706,0.45034036766515917,2640.307537688442,3457.7025125628143
0.7492841123782722,0.14319372544265233,0.29232038440573477,0.49877493236774195,3241.062365591398,4244.3569892473115
