Demand,Avail_Sol,Avail_Wind_On,Avail_Wind_Off,Hyd_In,HydRoR_In
0.7719510085076496,0.19173621221407036,0.20900500270703518,0.4673069188748744,696.8834170854271,1974.0753768844222
0.7784330871024505,0.1110040184483871,0.2701056111311828,0.6059681545311828,838.6,2375.2236559139783
