Demand,Avail_Sol,Avail_Wind_On,Avail_Wind_Off,Hyd_In,HydRoR_In
0.746999482447246,0.1594196219963149,0.3645248602509213,0.47391613171490793,0.0,842.6040201005026
0.7500381464090482,0.0839957637265233,0.5006358391333334,0.6137118057326164,0.0,1583.6322580645162
