Demand,Avail_Sol,Avail_Wind_On,Avail_Wind_Off,Hyd_In,HydRoR_In
0.7826738801316717,0.24477534624974873,0.24603806670938028,0.3776202670453936,3497.6261306532665,675.8100502512563
0.772391698330223,0.19018289648064512,0.2085905685953405,0.3523367168293907,5067.7118279569895,979.4860215053764
