Demand,Avail_Sol,Avail_Wind_On,Avail_Wind_Off,Hyd_In,HydRoR_In
0.7854772024030485,0.18512123164264313,0.23691418186634486,0.44244734852363515,0.0,1932.9813581890812
0.7800266415691215,0.052813360565406975,0.34313552420494187,0.6011381607994186,0.0,1787.7761627906978
