Demand,Avail_Sol,Avail_Wind_On,Avail_Wind_Off,Hyd_In,HydRoR_In
0.7857885948238678,0.17335271339397468,0.2971962445099867,0.4261987059615513,12899.628495339548,635.6737683089215
0.7859988784187254,0.05028975352434593,0.4215161913978925,0.5829125990374273,19971.30523255814,984.4767441860465
