Demand,Avail_Sol,Avail_Wind_On,Avail_Wind_Off,Hyd_In,HydRoR_In
0.8013389377851245,0.17129215755459387,0.22991020877629825,0.4413436465785619,7597.4340878828225,0.0
0.7985817684723078,0.052012547729287796,0.3306219460741278,0.5932690871104651,10275.183139534884,0.0
