Demand,Avail_Sol,Avail_Wind_On,Avail_Wind_Off,Hyd_In,HydRoR_In
0.7697625373656376,0.19484513086517974,0.34903597206557924,0.4614776648516977,0.0,0.0
0.7690926235455993,0.08259105003234013,0.4982734851482558,0.6450512585457848,0.0,0.0
