Demand,Avail_Sol,Avail_Wind_On,Avail_Wind_Off,Hyd_In,HydRoR_In
0.737380866804594,0.19735699241794274,0.25898837054377494,0.4495903554201065,2634.145139813582,3449.6338215712385
0.7502967656980835,0.1432364656598837,0.2944362287877907,0.5010811049792879,3262.811046511628,4272.834302325581
