Demand,Avail_Sol,Avail_Wind_On,Avail_Wind_Off,Hyd_In,HydRoR_In
0.771551068360033,0.19124095990046602,0.20869045761800928,0.46768740106691087,695.0119840213049,1968.7683089214381
0.7793957176960128,0.11097046195748549,0.2716359926773256,0.6070521625054506,844.6424418604652,2392.3488372093025
