Demand,Avail_Sol,Avail_Wind_On,Avail_Wind_Off,Hyd_In,HydRoR_In
0.7466990696622436,0.15900849687033955,0.3641163231617843,0.47374029340595875,0.0,842.1637816245006
0.7507359477327559,0.08385184408357559,0.5034071719927325,0.6160260034698402,0.0,1594.8255813953488
