Demand,Avail_Sol,Avail_Wind_On,Avail_Wind_Off,Hyd_In,HydRoR_In
0.7824531669669231,0.2444202594973369,0.24536062192859523,0.3770472569189414,3482.3475366178427,672.8575233022636
0.7727315681650176,0.19020428024418606,0.209552444799782,0.3532385591010175,5122.747093023256,990.125
