{"f7":7.942791464159034e8,"f4":6.689820800837482e9,"f1":7.419428556910239e10,"f2":3.1903320338711796e10,"f8":1.46874e10,"f3":3.554856933209868e8,"f5":0.0,"f6":1.2493331136027315e9}