{"f7":-1.6229126569754067e-10,"f4":1.5121258841248804e8,"f1":3.155853485708931e10,"f2":4.991843403187613e9,"f8":1.46874e10,"f3":2.5598095301577023e8,"f5":0.0,"f6":0.0}