{"f7":618485.0807692789,"f4":1.4249867141593522e8,"f1":2.8383399524853786e10,"f2":5.2317851544598e9,"f8":1.46874e10,"f3":2.5766264174338382e8,"f5":0.0,"f6":1.389370196802625e7}