Demand,Avail_Sol,Avail_Wind_On,Avail_Wind_Off,Hyd_In,HydRoR_In
0.8826737074716061,0.07898037673860589,0.27237142168588024,0.4802381194106346,0.0,1988.2278820375336
0.7281598897270642,0.24977747151634513,0.21695149959967847,0.4214008041969453,0.0,1902.9565916398715
0.7788042594454767,0.053269935894265236,0.33994950861146955,0.5968154752494623,0.0,1785.6
