Demand,Avail_Sol,Avail_Wind_On,Avail_Wind_Off,Hyd_In,HydRoR_In
0.8752231983875323,0.09486872338427167,0.34289500300089365,0.48589569361796253,20858.517426273458,1028.0134048257373
0.7329729680085847,0.22110271020712757,0.2692700190128617,0.3919573334908896,8181.009646302251,403.07073954983923
0.7849039987493889,0.05104981589354839,0.4205207412440861,0.5786946118505376,19802.548387096773,976.1483870967742
