Demand,Avail_Sol,Avail_Wind_On,Avail_Wind_Off,Hyd_In,HydRoR_In
0.8854410327390357,0.080353347100983,0.25136161316845396,0.4988164438342271,10404.340482573727,0.0
0.751624403252025,0.22658077955760986,0.21795714512861733,0.4070266395720793,5947.136655948553,0.0
0.7976566526316488,0.052627797067383505,0.3280318186498208,0.5910016258738352,10194.645161290322,0.0
