Demand,Avail_Sol,Avail_Wind_On,Avail_Wind_Off,Hyd_In,HydRoR_In
0.8459261087025624,0.0850866433440572,0.4307979195567471,0.5477105636831993,0.0,0.0
0.7247117379610453,0.26207073439389067,0.29897141915996783,0.4080327965726152,0.0,0.0
0.7682685975423956,0.08223950801612903,0.49762353800179215,0.6448689016541219,0.0,0.0
