Demand,Avail_Sol,Avail_Wind_On,Avail_Wind_Off,Hyd_In,HydRoR_In
0.8144360436237216,0.11888874718007149,0.3922444007292225,0.6278726061260054,3259.9892761394103,4269.434316353887
0.6917980728290082,0.24499572716211143,0.180298443335209,0.3438781089096999,2268.6977491961416,2970.924437299035
0.7492841123782722,0.14319372544265233,0.29232038440573477,0.49877493236774195,3241.062365591398,4244.3569892473115
