Demand,Avail_Sol,Avail_Wind_On,Avail_Wind_Off,Hyd_In,HydRoR_In
0.8529711659946325,0.10925411151921358,0.3034940705960679,0.566760206652815,1064.0616621983913,3013.372654155496
0.7233649655130442,0.24119895105519829,0.15234194431055734,0.4076669247572347,476.69453376205786,1350.831189710611
0.7784330871024505,0.1110040184483871,0.2701056111311828,0.6059681545311828,838.6,2375.2236559139783
