Demand,Avail_Sol,Avail_Wind_On,Avail_Wind_Off,Hyd_In,HydRoR_In
0.8139098430763001,0.09779476543163537,0.5079621018646112,0.6373840809267204,0.0,1590.053619302949
0.706874780655225,0.19637472086870314,0.27850863658226155,0.3758879242293677,0.0,394.3745980707395
0.7500381464090482,0.0839957637265233,0.5006358391333334,0.6137118057326164,0.0,1583.6322580645162
