Demand,Avail_Sol,Avail_Wind_On,Avail_Wind_Off,Hyd_In,HydRoR_In
0.8075527776453966,0.18046897092850758,0.3706424777931188,0.5177312064043789,6183.080428954424,1195.142091152815
0.7677545412689397,0.2833384941513934,0.17131548578617364,0.2935987551789925,1887.217041800643,364.37781350482317
0.772391698330223,0.19018289648064512,0.2085905685953405,0.3523367168293907,5067.7118279569895,979.4860215053764
