{"f7":2.5276022756093286e7,"f4":5.459255169124802e8,"f1":4.82033573069242e10,"f2":1.7028518000749092e10,"f8":1.46874e10,"f3":2.4285516014334917e7,"f5":0.0,"f6":6.9379577367839e8}