{"f7":2.5382392896434367e7,"f4":5.484558354471899e8,"f1":4.469672481429183e10,"f2":1.75514061945065e10,"f8":1.46874e10,"f3":2.426205950886523e7,"f5":0.0,"f6":6.938873466527134e8}