{"f7":8.102164587514026e8,"f4":5.207022690959139e9,"f1":6.941420488660182e10,"f2":2.7763130150146255e10,"f8":1.46874e10,"f3":0.0,"f5":0.0,"f6":4.37156638400033e9}