{"f7":1.1407965423406307e7,"f4":5.1995015588227224e8,"f1":3.4810101379689926e10,"f2":1.4631897575849037e10,"f8":1.46874e10,"f3":1.3015583353359011e8,"f5":0.0,"f6":3.7835974051307124e8}