{"f7":1.3148528617510224e7,"f4":4.871359661755721e8,"f1":3.475142371249662e10,"f2":1.4640359102697302e10,"f8":1.46874e10,"f3":1.36594884126033e8,"f5":0.0,"f6":4.232757349599522e8}