{"f7":1.338124941146999e7,"f4":4.875285535165706e8,"f1":2.9733745417957726e10,"f2":1.5812553321915781e10,"f8":1.46874e10,"f3":1.3714785966383132e8,"f5":0.0,"f6":4.2711469438014066e8}