{"f7":1.1074454542379057e9,"f4":6.017196839572041e9,"f1":7.29190163016206e10,"f2":3.0264927962367657e10,"f8":1.46874e10,"f3":5.3073464667322084e7,"f5":0.0,"f6":3.1596758307150383e9}