{"μ′":0.0,"C′_E":0.22656082234264185,"κ′":0.5538721245603143}