{"μ′":6.006463797351881e-5,"C′_E":0.5500041243190268,"κ′":0.6137407066813166}