{"f7":3.9029375348267174e8,"f4":9.74619740706556e9,"f1":7.865011767767151e10,"f2":2.741792187659088e10,"f8":1.4687431658633373e10,"f3":3.717798759767133e8,"f5":0.0,"f6":1.0718545242584524e9}