{"f7":9.633060905402236e8,"f4":5.221367722061974e9,"f1":6.7635507341041275e10,"f2":3.2488607924710976e10,"f8":1.46874e10,"f3":3.242488811430695e11,"f5":0.0,"f6":2.582724430011729e9}