{"μ′":1.5182604872029006e-8,"C′_E":0.5499999999998966,"κ′":0.32000000000002826}