{"f7":66169.61566427432,"f4":2.55941114203366e8,"f1":3.247289647024261e10,"f2":7.863661998391125e10,"f8":1.46874e10,"f3":1.1177197367206443e12,"f5":0.0,"f6":8.29651669950866e7}