{"μ′":0.0,"C′_E":0.22911672621881152,"κ′":0.5947598645320993}