{"f7":3.6057947991576546e8,"f4":6.791048143134199e9,"f1":7.490422667944704e10,"f2":3.109808286615762e10,"f8":1.46874e10,"f3":7.538327175308698e8,"f5":0.0,"f6":8.46960120352186e8}