{"f7":4.841631591769456e-10,"f4":1.4648096186647287e8,"f1":3.1428281641349854e10,"f2":4.675991962335975e9,"f8":1.46874e10,"f3":2.5944288877034035e8,"f5":0.0,"f6":0.0}