{"f7":5.60433061869958e8,"f4":6.733928667618599e9,"f1":7.47702319162679e10,"f2":3.182892246656098e10,"f8":1.46874e10,"f3":6.298894861938167e8,"f5":0.0,"f6":9.161209613119586e8}