{"f7":224618.2542361584,"f4":1.4805560511725384e8,"f1":2.7946568964472034e10,"f2":3.6343634641315703e9,"f8":1.46874e10,"f3":7.481939739356993e8,"f5":0.0,"f6":5.106986577006791e6}