{"f7":0.0,"f4":1.4613646525484917e8,"f1":2.9788355548364864e10,"f2":3.534657458647747e9,"f8":1.46874e10,"f3":7.507066591793412e8,"f5":0.0,"f6":0.0}