{"f7":208103.56377617078,"f4":1.4589561720895183e8,"f1":2.9784826105774815e10,"f2":3.536187079002741e9,"f8":1.46874e10,"f3":7.474976635867445e8,"f5":0.0,"f6":4.698814135797645e6}