Demand,Avail_Sol,Avail_Wind_On,Avail_Wind_Off,Hyd_In,HydRoR_In
0.8861556532675955,0.07619863802788104,0.2703820760957249,0.4792788678001859,0.0,1876.0408921933085
0.729289436256652,0.24590998202100622,0.21823604172588174,0.4218919985539419,0.0,1964.759336099585
0.7800266415691215,0.052813360565406975,0.34313552420494187,0.6011381607994186,0.0,1787.7761627906978
