Demand,Avail_Sol,Avail_Wind_On,Avail_Wind_Off,Hyd_In,HydRoR_In
0.877804556159865,0.09023217674814127,0.3499287146742565,0.4981035825808551,21022.732342007435,1036.100371747212
0.7344352886010811,0.21974156060918051,0.26776671240586103,0.3860692208773341,8366.195020746887,412.1991701244813
0.7859988784187254,0.05028975352434593,0.4215161913978925,0.5829125990374273,19971.30523255814,984.4767441860465
