Demand,Avail_Sol,Avail_Wind_On,Avail_Wind_Off,Hyd_In,HydRoR_In
0.888393714262049,0.07569622737592936,0.25511742897537176,0.49916418640659843,10260.7843866171,0.0
0.7527544256019447,0.22464341319372408,0.21584227883117219,0.40907450713096477,6111.041493775933,0.0
0.7985817684723078,0.052012547729287796,0.3306219460741278,0.5932690871104651,10275.183139534884,0.0
