Demand,Avail_Sol,Avail_Wind_On,Avail_Wind_Off,Hyd_In,HydRoR_In
0.8489075432132381,0.08341208696236058,0.43449440150743496,0.5486733411412639,0.0,0.0
0.7255923992473708,0.2570349416740146,0.30134236725259334,0.4128145177108402,0.0,0.0
0.7690926235455993,0.08259105003234013,0.4982734851482558,0.6450512585457848,0.0,0.0
