Demand,Avail_Sol,Avail_Wind_On,Avail_Wind_Off,Hyd_In,HydRoR_In
0.8185096713904526,0.11794666186152418,0.38816305765473974,0.6249868905274164,3245.0,4249.802973977695
0.6921035878967188,0.24167520594424272,0.18689710325570538,0.3517030775282676,2293.2323651452284,3003.066390041494
0.7502967656980835,0.1432364656598837,0.2944362287877907,0.5010811049792879,3262.811046511628,4272.834302325581
