Demand,Avail_Sol,Avail_Wind_On,Avail_Wind_Off,Hyd_In,HydRoR_In
0.8574249306575961,0.10786061749860595,0.30395754619702603,0.5679606741305763,1079.5985130111524,3057.3122676579924
0.7236256140902314,0.23777480244424273,0.15552272561021785,0.4117257611205913,480.37759336099583,1361.2614107883817
0.7793957176960128,0.11097046195748549,0.2716359926773256,0.6070521625054506,844.6424418604652,2392.3488372093025
