Demand,Avail_Sol,Avail_Wind_On,Avail_Wind_Off,Hyd_In,HydRoR_In
0.8165208858382381,0.09787874392565055,0.5116477090622676,0.6389266875009293,0.0,1624.2156133828996
0.7077321224602882,0.19312447932287347,0.2817803422339212,0.3815512062450726,0.0,405.70746887966806
0.7507359477327559,0.08385184408357559,0.5034071719927325,0.6160260034698402,0.0,1594.8255813953488
