Demand,Avail_Sol,Avail_Wind_On,Avail_Wind_Off,Hyd_In,HydRoR_In
0.809990206063319,0.17936688475418214,0.36907128413894047,0.5190978993466543,6267.788104089219,1211.5353159851302
0.7670849853965277,0.2807259810863589,0.17631877932572615,0.29777003116571577,1927.8174273858922,372.22614107883817
0.7727315681650176,0.19020428024418606,0.209552444799782,0.3532385591010175,5122.747093023256,990.125
