node,gen_tech,gcap_min,gcap_max(GW)
1,1,0,90004.65831637617
1,2,0,38196.72334066756
1,3,0,763137.8890219755
1,4,0,1.0e9
1,5,0,1.0e9
1,6,0,1.0e9
1,7,0,1.0e9
1,8,0,1.0e9
2,1,0,24976.70674918856
2,2,0,0.0
2,3,0,122116.32032824044
2,4,0,1.0e9
2,5,0,1.0e9
2,6,0,1.0e9
2,7,0,1.0e9
2,8,0,1.0e9
3,1,0,10512.326651661584
3,2,0,59.754159052812824
3,3,0,89388.89150577543
3,4,0,1.0e9
3,5,0,1.0e9
3,6,0,1.0e9
3,7,0,1.0e9
3,8,0,1.0e9
