Demand,Avail_Sol,Avail_Wind_On,Avail_Wind_Off,Hyd_In,HydRoR_In
0.7858546565194213,0.13469183832990866,0.3362520086464612,0.47543119839817344,15121.232876712329,745.2520547945205
