Demand,Avail_Sol,Avail_Wind_On,Avail_Wind_Off,Hyd_In,HydRoR_In
0.7793990756538131,0.2273880249191781,0.2341112950497717,0.36956762947659816,3997.6876712328767,772.5287671232877
