{"μ′":0.0,"C′_E":0.22355065276839414,"κ′":0.5929048881728306}