{"f7":7.623331807834661e8,"f4":6.809265227413866e9,"f1":7.377396511176724e10,"f2":3.1351854483408585e10,"f8":1.46874e10,"f3":1.1577892411917157e9,"f5":0.0,"f6":1.6440785143321667e9}