Demand,Avail_Sol,Avail_Wind_On,Avail_Wind_Off,Hyd_In,HydRoR_In
0.8826737074716061,0.07898037673860589,0.27237142168588024,0.4802381194106346,0.0,1988.2278820375336
0.7281598897270642,0.24977747151634513,0.21695149959967847,0.4214008041969453,0.0,1902.9565916398715
0.7279911008028842,0.09822855918957704,0.36539222409818733,0.6334835391956193,0.0,1733.9199395770393
0.8246955432400144,0.012666104214188267,0.31697123077762623,0.5636991610170532,0.0,1832.2742155525239
