Demand,Avail_Sol,Avail_Wind_On,Avail_Wind_Off,Hyd_In,HydRoR_In
0.8752231983875323,0.09486872338427167,0.34289500300089365,0.48589569361796253,20858.517426273458,1028.0134048257373
0.7329729680085847,0.22110271020712757,0.2692700190128617,0.3919573334908896,8181.009646302251,403.07073954983923
0.7420818228928205,0.08854886595921449,0.46801540514803636,0.6069143061072507,11573.453172205438,570.2688821752266
0.8235783240113921,0.017183006693724422,0.37762651545361525,0.5532083395477491,27234.55525238745,1342.713506139154
