Demand,Avail_Sol,Avail_Wind_On,Avail_Wind_Off,Hyd_In,HydRoR_In
0.8854410327390357,0.080353347100983,0.25136161316845396,0.4988164438342271,10404.340482573727,0.0
0.751624403252025,0.22658077955760986,0.21795714512861733,0.4070266395720793,5947.136655948553,0.0
0.7544941617458295,0.09578677224697886,0.36486573709441084,0.6497885437635952,6244.460725075529,0.0
0.8366383292570408,0.013649295609140516,0.294765714952251,0.5379089387755797,13762.206002728513,0.0
