Demand,Avail_Sol,Avail_Wind_On,Avail_Wind_Off,Hyd_In,HydRoR_In
0.8459261087025624,0.0850866433440572,0.4307979195567471,0.5477105636831993,0.0,0.0
0.7247117379610453,0.26207073439389067,0.29897141915996783,0.4080327965726152,0.0,0.0
0.7323595872980622,0.12924457461706948,0.5444250931714502,0.6930396072265861,0.0,0.0
0.8006993816921214,0.039787456051841745,0.4553552849017735,0.601364117085266,0.0,0.0
