Demand,Avail_Sol,Avail_Wind_On,Avail_Wind_Off,Hyd_In,HydRoR_In
0.8529711659946325,0.10925411151921358,0.3034940705960679,0.566760206652815,1064.0616621983913,3013.372654155496
0.7233649655130442,0.24119895105519829,0.15234194431055734,0.4076669247572347,476.69453376205786,1350.831189710611
0.7399423438798838,0.1645214676321752,0.22967063972885202,0.584443679033988,529.3368580060423,1499.8353474320243
0.8131955318682613,0.06267038767121418,0.3066239618383357,0.6254077217605729,1117.9072305593452,3165.819918144611
