Demand,Avail_Sol,Avail_Wind_On,Avail_Wind_Off,Hyd_In,HydRoR_In
0.8139098430763001,0.09779476543163537,0.5079621018646112,0.6373840809267204,0.0,1590.053619302949
0.706874780655225,0.19637472086870314,0.27850863658226155,0.3758879242293677,0.0,394.3745980707395
0.7198624094027221,0.1205501651283988,0.477881672391994,0.5704056434169185,0.0,1216.2945619335349
0.7772909948376813,0.050982102433151426,0.521185986995225,0.6528232374556617,0.0,1915.3888130968621
