Demand,Avail_Sol,Avail_Wind_On,Avail_Wind_Off,Hyd_In,HydRoR_In
0.8075527776453966,0.18046897092850758,0.3706424777931188,0.5177312064043789,6183.080428954424,1195.142091152815
0.7677545412689397,0.2833384941513934,0.17131548578617364,0.2935987551789925,1887.217041800643,364.37781350482317
0.7548560069531182,0.23446164480589124,0.18306930762462234,0.3239815089728097,2534.0558912386705,489.77190332326285
0.7882288438849886,0.15019308557844477,0.23163978382401093,0.37794537658526595,7355.952251023193,1421.7653478854024
