{"f7":468173.0774969113,"f4":1.461179803486008e8,"f1":2.829803323032808e10,"f2":3.9561221953450575e9,"f8":1.46874e10,"f3":3.843128282781322e8,"f5":0.0,"f6":1.0032927018501842e7}