{"f7":4.783769328916496e8,"f4":6.791048143134199e9,"f1":7.490422667944704e10,"f2":3.1887361191692444e10,"f8":1.46874e10,"f3":6.537012504335489e8,"f5":0.0,"f6":8.46960120352186e8}