{"f7":465331.37187533267,"f4":1.4413476840565547e8,"f1":3.0423069055686657e10,"f2":3.8348338243145337e9,"f8":1.46874e10,"f3":3.842421144295444e8,"f5":0.0,"f6":1.007609517266548e7}