Demand,Avail_Sol,Avail_Wind_On,Avail_Wind_Off,Hyd_In,HydRoR_In
0.8325684588978,0.0511985228994778,0.4037888031318537,0.651833371007833,1114.1618798955615,3155.7728459530026
0.8835562853842058,0.141710918876,0.23973651407066665,0.544800908668,1054.1333333333334,2985.0
0.8428460054599978,0.13713219374238228,0.2633173424404432,0.4993134332354571,1021.2216066481994,2891.7673130193907
0.7303427922223467,0.24361496497667642,0.2231661941472304,0.5300487839825071,624.2244897959183,1769.405247813411
0.720571365287396,0.24228583185697536,0.15186870526260257,0.41798600704279015,479.84056271981245,1359.5791324736226
0.7233493631715328,0.23857835090746268,0.11668665358507463,0.33187714131865675,397.1626865671642,1125.4089552238806
0.7399423438798838,0.1645214676321752,0.22967063972885202,0.584443679033988,529.3368580060423,1499.8353474320243
0.8131955318682613,0.06267038767121418,0.3066239618383357,0.6254077217605729,1117.9072305593452,3165.819918144611
