Demand,Avail_Sol,Avail_Wind_On,Avail_Wind_Off,Hyd_In,HydRoR_In
0.7837648800954038,0.14355601917636987,0.27028417434531965,0.4923009005079909,0.0,1887.3643835616438
