Demand,Avail_Sol,Avail_Wind_On,Avail_Wind_Off,Hyd_In,HydRoR_In
0.8004727585672168,0.13381984177385844,0.26154932989999996,0.48907182150365297,8438.66301369863,0.0
