Demand,Avail_Sol,Avail_Wind_On,Avail_Wind_Off,Hyd_In,HydRoR_In
0.7695520804212601,0.1595799219094749,0.39591972046780827,0.519148273281621,0.0,0.0
