Demand,Avail_Sol,Avail_Wind_On,Avail_Wind_Off,Hyd_In,HydRoR_In
0.7414384642651972,0.1803547447423516,0.27012450135285393,0.46576644477933793,2831.6438356164385,3708.246575342466
