Demand,Avail_Sol,Avail_Wind_On,Avail_Wind_Off,Hyd_In,HydRoR_In
0.7740155061422952,0.16602356145993152,0.22846512799280824,0.5114695726969178,742.0191780821917,2101.8383561643836
