Demand,Avail_Sol,Avail_Wind_On,Avail_Wind_Off,Hyd_In,HydRoR_In
0.7479672761063132,0.13539763973915522,0.40787527475799085,0.5184400963849316,0.0,1078.6164383561643
