Demand,Avail_Sol,Avail_Wind_On,Avail_Wind_Off,Hyd_In,HydRoR_In
0.8321264243244594,0.050734888151358334,0.4036421393505822,0.6527197712587323,1113.5989650711513,3154.1720569210866
0.8716060368182303,0.13988250929369106,0.2480792354590283,0.5204488669659173,1060.5395213923132,3003.017403915881
0.7315950633730108,0.23025405313135067,0.2278260445625775,0.5192686036926889,622.8463444857497,1765.4386617100372
0.7199098367236604,0.24153391816680425,0.1553403193336086,0.43569834676135427,482.32947976878614,1366.7341040462427
0.7247029478835613,0.2673137353873957,0.11002469008433735,0.29576306512604267,450.16218721037995,1275.2048192771085
0.7195492210160697,0.19778066135046116,0.14361824068115941,0.4239864644295125,368.7391304347826,1045.1304347826087
0.7328894268227513,0.18690195104651164,0.19323221970930232,0.5486106972945737,509.28682170542635,1442.8372093023256
0.8072994922199699,0.06541156850406976,0.3186782564581395,0.6421170416319767,1045.8558139534885,2962.0558139534883
