{"f7":1.77351466845721e-10,"f4":2.859443068824624e8,"f1":3.2362133709129055e10,"f2":7.246490597349715e9,"f8":1.46874e10,"f3":5.3148721267708826e8,"f5":0.0,"f6":0.0}