{"f7":7.922022649786687e8,"f4":6.809265227413866e9,"f1":7.377396511176724e10,"f2":3.1846416675150055e10,"f8":1.46874e10,"f3":4.34257647415071e8,"f5":0.0,"f6":1.6440785143321667e9}