{"f7":4.708880094862195e6,"f4":2.5737775371554825e8,"f1":2.8091289553958553e10,"f2":7.719630441575736e9,"f8":1.46874e10,"f3":4.6560738254696566e8,"f5":0.0,"f6":9.798704190063845e7}