{"f7":3.3029089912463254e6,"f4":2.3860111272034025e8,"f1":3.252376732638622e10,"f2":7.344725371385029e9,"f8":1.46874e10,"f3":2.4853964598704413e8,"f5":0.0,"f6":7.438954893711203e7}