Demand,Avail_Sol,Avail_Wind_On,Avail_Wind_Off,Hyd_In,HydRoR_In
0.877804556159865,0.09023217674814127,0.3499287146742565,0.4981035825808551,21022.732342007435,1036.100371747212
0.7483901585388332,0.23724558162388504,0.2853927324573836,0.4155687102542121,10914.569871159563,538.1159563924678
0.7191137828696427,0.20052332643743198,0.24841453152230686,0.3536807717138194,5568.251360174102,273.95103373231774
0.7859988784187254,0.05028975352434593,0.4215161913978925,0.5829125990374273,19971.30523255814,984.4767441860465
