Demand,Avail_Sol,Avail_Wind_On,Avail_Wind_Off,Hyd_In,HydRoR_In
0.888393714262049,0.07569622737592936,0.25511742897537176,0.49916418640659843,10260.7843866171,0.0
0.7565855481814774,0.24151786655401383,0.23545743568285432,0.447522981574331,8510.341922695738,0.0
0.7485481114749061,0.20611640183297064,0.194306159937432,0.3668606761044614,3476.771490750816,0.0
0.7985817684723078,0.052012547729287796,0.3306219460741278,0.5932690871104651,10275.183139534884,0.0
