Demand,Avail_Sol,Avail_Wind_On,Avail_Wind_Off,Hyd_In,HydRoR_In
0.8489075432132381,0.08341208696236058,0.43449440150743496,0.5486733411412639,0.0,0.0
0.732536389096794,0.26234120568632313,0.33385025928790885,0.4560448358538156,0.0,0.0
0.7179683668664478,0.25120902177366705,0.26565089493090316,0.3653505449075082,0.0,0.0
0.7690926235455993,0.08259105003234013,0.4982734851482558,0.6450512585457848,0.0,0.0
