Demand,Avail_Sol,Avail_Wind_On,Avail_Wind_Off,Hyd_In,HydRoR_In
0.8185096713904526,0.11794666186152418,0.38816305765473974,0.6249868905274164,3245.0,4249.802973977695
0.6930883353549666,0.22350286596878097,0.21218558127651138,0.38132147523042614,3383.6005946481664,4430.789890981169
0.691022401623191,0.2616272092470076,0.15913206046681172,0.3191840750457019,1096.0816104461371,1435.5223068552775
0.7502967656980835,0.1432364656598837,0.2944362287877907,0.5010811049792879,3262.811046511628,4272.834302325581
