Demand,Avail_Sol,Avail_Wind_On,Avail_Wind_Off,Hyd_In,HydRoR_In
0.8165208858382381,0.09787874392565055,0.5116477090622676,0.6389266875009293,0.0,1624.2156133828996
0.7180794559528186,0.19255388487760158,0.31624158369821614,0.42077371266055497,0.0,456.97522299306246
0.6963714483645717,0.19375095352883567,0.2439442240212187,0.3384875403329706,0.0,349.4189336235038
0.7507359477327559,0.08385184408357559,0.5034071719927325,0.6160260034698402,0.0,1594.8255813953488
