{"f7":9.095894296590854e8,"f4":6.535051308222954e9,"f1":7.384593096410591e10,"f2":2.983425764813586e10,"f8":1.46874e10,"f3":1.369638103781496e8,"f5":0.0,"f6":2.8772353477641554e9}