{"f7":5.871012024943811e6,"f4":4.453848143073708e8,"f1":3.508837606888648e10,"f2":1.374262631533972e10,"f8":1.46874e10,"f3":2.6587437852121583e8,"f5":0.0,"f6":1.4734232974753004e8}