{"f7":3.506292434690823e-10,"f4":4.321975163397741e8,"f1":3.5236354468100174e10,"f2":1.379129771267878e10,"f8":1.46874e10,"f3":2.7528662503171283e8,"f5":0.0,"f6":0.0}