{"f7":1.341066511420292e7,"f4":4.1110947293433774e8,"f1":2.997656200252787e10,"f2":1.4824684068416872e10,"f8":1.46874e10,"f3":2.0222317001923084e8,"f5":0.0,"f6":3.037831825940488e8}