{"μ′":3.51641240861649e-6,"C′_E":0.5500000000003706,"κ′":0.44432654645715525}