{"f7":0.0,"f4":5.630353182072622e8,"f1":2.4776304246748974e10,"f2":2.399043004401971e9,"f8":1.46874e10,"f3":4.4254536614384586e8,"f5":0.0,"f6":0.0}