{"μ′":0.0,"C′_E":0.22330648547748622,"κ′":0.5887911828596776}