{"f7":9.286305143571575e8,"f4":6.611057577752223e9,"f1":7.326919965004016e10,"f2":3.2275001041373077e10,"f8":1.46874e10,"f3":1.0139923581818469e9,"f5":0.0,"f6":1.8675918483239202e9}