{"μ′":1.0572279713074568e-6,"C′_E":0.5499999999998693,"κ′":0.320000000000278}