Demand,Avail_Sol,Avail_Wind_On,Avail_Wind_Off,Hyd_In,HydRoR_In
0.8530357677430078,0.012161477224543082,0.30487356339295035,0.5131444326892952,0.0,1323.976501305483
0.8980967114336349,0.11375162471942935,0.25545794305298913,0.4631143177995922,0.0,2333.891304347826
0.7692655947092956,0.20580560133236148,0.197521589819242,0.39296639623032087,0.0,4743.728862973761
0.7087783521218554,0.28439844109671747,0.24235176697479485,0.45983357450234474,0.0,1246.8323563892145
0.7317915237096579,0.2282112990104478,0.1945605010679104,0.3870274442895523,0.0,1283.9850746268658
0.7279911008028842,0.09822855918957704,0.36539222409818733,0.6334835391956193,0.0,1733.9199395770393
0.8246955432400144,0.012666104214188267,0.31697123077762623,0.5636991610170532,0.0,1832.2742155525239
