Demand,Avail_Sol,Avail_Wind_On,Avail_Wind_Off,Hyd_In,HydRoR_In
0.8511850708085165,0.01838528428328982,0.42324936771671023,0.5798367974477807,24762.718015665796,1220.7180156657964
0.8877321696684604,0.13466920867730978,0.30108016375339675,0.4370105811630435,18826.847826086956,927.7336956521739
0.7834989418596129,0.21710068599854224,0.2490661786180758,0.3757527328848397,15916.481049562683,784.6268221574344
0.7240716215290711,0.2530061677626026,0.2911123760586166,0.4299635002772567,7250.275498241501,357.4407971864009
0.7184392956445882,0.18253412066791042,0.2518049245283581,0.35186616593731346,5405.859701492537,265.8298507462687
0.7420818228928205,0.08854886595921449,0.46801540514803636,0.6069143061072507,11573.453172205438,570.2688821752266
0.8235783240113921,0.017183006693724422,0.37762651545361525,0.5532083395477491,27234.55525238745,1342.713506139154
