Demand,Avail_Sol,Avail_Wind_On,Avail_Wind_Off,Hyd_In,HydRoR_In
0.826519962344251,0.045044218369451695,0.4711103619216709,0.5892243216161879,0.0,0.0
0.8560246875819554,0.1059239378620924,0.40982011327173906,0.5261076162805708,0.0,0.0
0.7580718812086769,0.22079800984548112,0.3999743466180759,0.5382365564241983,0.0,0.0
0.716105409936805,0.3012068108939039,0.2852359740586166,0.38771913574325917,0.0,0.0
0.718590347917372,0.23337442285000004,0.2647510170007462,0.3672382638238806,0.0,0.0
0.7323595872980622,0.12924457461706948,0.5444250931714502,0.6930396072265861,0.0,0.0
0.8006993816921214,0.039787456051841745,0.4553552849017735,0.601364117085266,0.0,0.0
