Demand,Avail_Sol,Avail_Wind_On,Avail_Wind_Off,Hyd_In,HydRoR_In
0.8861556532675955,0.07619863802788104,0.2703820760957249,0.4792788678001859,0.0,1876.0408921933085
0.7316316809407144,0.2629536894132804,0.23581882139345892,0.4425515869286422,0.0,2569.2834489593656
0.7267178096122352,0.22719714115179543,0.19893133586670292,0.3992091643101196,0.0,1301.0326441784548
0.7208530270015007,0.1069608810988372,0.38671301936627905,0.6493566213372094,0.0,1717.3720930232557
0.8155308103096942,0.020324848245348838,0.31698902710813953,0.5722070844767442,0.0,1830.0186046511628
