Demand,Avail_Sol,Avail_Wind_On,Avail_Wind_Off,Hyd_In,HydRoR_In
0.877804556159865,0.09023217674814127,0.3499287146742565,0.4981035825808551,21022.732342007435,1036.100371747212
0.7483901585388332,0.23724558162388504,0.2853927324573836,0.4155687102542121,10914.569871159563,538.1159563924678
0.7191137828696427,0.20052332643743198,0.24841453152230686,0.3536807717138194,5568.251360174102,273.95103373231774
0.7354245509435222,0.09201408535949612,0.48165814132848833,0.6415995230784884,10949.713178294574,539.4496124031008
0.8163434749038475,0.025255154423255814,0.3854310214395349,0.5477004446127907,25384.26046511628,1251.493023255814
