Demand,Avail_Sol,Avail_Wind_On,Avail_Wind_Off,Hyd_In,HydRoR_In
0.8185096713904526,0.11794666186152418,0.38816305765473974,0.6249868905274164,3245.0,4249.802973977695
0.6930883353549666,0.22350286596878097,0.21218558127651138,0.38132147523042614,3383.6005946481664,4430.789890981169
0.691022401623191,0.2616272092470076,0.15913206046681172,0.3191840750457019,1096.0816104461371,1435.5223068552775
0.6899507727639784,0.2190378045368217,0.2359703174641473,0.4075480824631783,2488.3178294573645,3258.720930232558
0.7865043614585464,0.09775566233372095,0.3295157755819768,0.5572009184889535,3727.506976744186,4881.302325581395
