Demand,Avail_Sol,Avail_Wind_On,Avail_Wind_Off,Hyd_In,HydRoR_In
0.8574249306575961,0.10786061749860595,0.30395754619702603,0.5679606741305763,1079.5985130111524,3057.3122676579924
0.7245827692836336,0.23702309007779981,0.18432742550792863,0.4691181670505451,538.5222993062438,1526.1764122893953
0.7225747222620019,0.23860013190859633,0.12389710842110989,0.34871277136724693,416.5386289445049,1180.195865070729
0.7328894268227513,0.18690195104651164,0.19323221970930232,0.5486106972945737,509.28682170542635,1442.8372093023256
0.8072994922199699,0.06541156850406976,0.3186782564581395,0.6421170416319767,1045.8558139534885,2962.0558139534883
