Demand,Avail_Sol,Avail_Wind_On,Avail_Wind_Off,Hyd_In,HydRoR_In
0.8165208858382381,0.09787874392565055,0.5116477090622676,0.6389266875009293,0.0,1624.2156133828996
0.7180794559528186,0.19255388487760158,0.31624158369821614,0.42077371266055497,0.0,456.97522299306246
0.6963714483645717,0.19375095352883567,0.2439442240212187,0.3384875403329706,0.0,349.4189336235038
0.7132245423720764,0.11981883514825582,0.4824025251879845,0.5631031430184109,0.0,1147.0387596899225
0.7732427909491638,0.062271649444767437,0.5160099600755814,0.6477797197406976,0.0,1863.4976744186047
