{"f7":3.270172283376838e7,"f4":2.170186813135633e9,"f1":5.231449174500479e10,"f2":4.431992075447378e10,"f8":1.4687399981181313e10,"f3":77779.50069998036,"f5":0.0,"f6":9.009146193526001e8}