{"f7":3.1040691058578026e7,"f4":6.378213093990849e8,"f1":4.436405674154192e10,"f2":1.716348736485351e10,"f8":1.46874e10,"f3":3.6877655086470274e6,"f5":0.0,"f6":7.544363747974958e8}