{"f7":5.684912620061942e8,"f4":5.245957869594394e9,"f1":7.216649446879567e10,"f2":2.7958499110562935e10,"f8":1.46874e10,"f3":0.0,"f5":0.0,"f6":3.8692710155643473e9}