{"f7":3.0201152097480603e7,"f4":6.2033595156769e8,"f1":4.782428224392415e10,"f2":1.67120926076059e10,"f8":1.46874e10,"f3":4.7182390743433265e6,"f5":0.0,"f6":7.486151251503798e8}