{"μ′":0.0,"C′_E":0.2239280082666899,"κ′":0.5816294610532466}