{"f7":2.0169273550899396e9,"f4":5.245957869594394e9,"f1":7.216649446879567e10,"f2":3.744732779750885e10,"f8":1.46874e10,"f3":7.206873369926738e10,"f5":0.0,"f6":3.8692710155643473e9}