{"f1":2.4380205358085064e10,"f2":2.3866305268939557e9,"f3":4.9155420963554156e8,"f4":6.067078646816356e8,"f5":0.0,"f6":4.5059743398371585e7,"f7":828887.459436799,"f8":9.5367431640625e-7}