{"f1":2.2640744270433216e10,"f2":2.4678641907966194e9,"f3":3.941193170556823e8,"f4":5.91340841468225e8,"f5":0.0,"f6":5.1587104492370235e6,"f7":61581.60689404026}