{"μ′":0.0,"C′_E":0.22305891691815793,"κ′":0.594296220112608}