{"μ′":8.950084573598598e-8,"C′_E":0.5500000000000321,"κ′":0.31999999999988504}