{"f7":1.5755240234513676e9,"f4":6.535051308222954e9,"f1":7.384593096410591e10,"f2":3.227961455525191e10,"f8":1.46874e10,"f3":2.2503432757621107e9,"f5":0.0,"f6":2.8772353477641554e9}