{"f7":67167.19571905304,"f4":4.453848143073708e8,"f1":3.508837606888648e10,"f2":8.6154555220951e10,"f8":1.46874e10,"f3":8.949454690490315e11,"f5":0.0,"f6":1.4734232974753004e8}