Demand,Avail_Sol,Avail_Wind_On,Avail_Wind_Off,Hyd_In,HydRoR_In
0.877804556159865,0.09023217674814127,0.3499287146742565,0.4981035825808551,21022.732342007435,1036.100371747212
0.7846417524846089,0.21273534581412637,0.24991920851301117,0.369672899180917,15692.296158612144,773.5749690210657
0.7242324076600214,0.2535789922749794,0.30903198416928157,0.44615328460280773,7730.7341040462425,381.2080924855491
0.7191137828696427,0.20052332643743198,0.24841453152230686,0.3536807717138194,5568.251360174102,273.95103373231774
0.7354245509435222,0.09201408535949612,0.48165814132848833,0.6415995230784884,10949.713178294574,539.4496124031008
0.8163434749038475,0.025255154423255814,0.3854310214395349,0.5477004446127907,25384.26046511628,1251.493023255814
