Demand,Avail_Sol,Avail_Wind_On,Avail_Wind_Off,Hyd_In,HydRoR_In
0.888393714262049,0.07569622737592936,0.25511742897537176,0.49916418640659843,10260.7843866171,0.0
0.7866530723912349,0.21567993870508056,0.2051828813816605,0.49056488432837664,13492.296158612144,0.0
0.7365488082663044,0.2587360397778695,0.25563213867299756,0.4188402272204789,5190.410404624277,0.0
0.7485481114749061,0.20611640183297064,0.194306159937432,0.3668606761044614,3476.771490750816,0.0
0.7492158382240979,0.10316134833720929,0.37723722930329456,0.6394453572936046,5950.364341085271,0.0
0.8282013266212338,0.021323267364534885,0.30265277613662783,0.5655633250005813,12870.07441860465,0.0
