Demand,Avail_Sol,Avail_Wind_On,Avail_Wind_Off,Hyd_In,HydRoR_In
0.8489075432132381,0.08341208696236058,0.43449440150743496,0.5486733411412639,0.0,0.0
0.7580841752661248,0.21065246011648076,0.3921128984027262,0.5362544633358116,0.0,0.0
0.7155115637965048,0.29678614183402147,0.2950245369380677,0.40259382893559054,0.0,0.0
0.7179683668664478,0.25120902177366705,0.26565089493090316,0.3653505449075082,0.0,0.0
0.7269796126681456,0.14088638973255818,0.5153257124457364,0.665893316875,0.0,0.0
0.7943604300720717,0.0476138462122093,0.4880421487697675,0.6325460235482558,0.0,0.0
