Demand,Avail_Sol,Avail_Wind_On,Avail_Wind_Off,Hyd_In,HydRoR_In
0.8574249306575961,0.10786061749860595,0.30395754619702603,0.5679606741305763,1079.5985130111524,3057.3122676579924
0.7315950633730108,0.23025405313135067,0.2278260445625775,0.5192686036926889,622.8463444857497,1765.4386617100372
0.7199098367236604,0.24153391816680425,0.1553403193336086,0.43569834676135427,482.32947976878614,1366.7341040462427
0.7225747222620019,0.23860013190859633,0.12389710842110989,0.34871277136724693,416.5386289445049,1180.195865070729
0.7328894268227513,0.18690195104651164,0.19323221970930232,0.5486106972945737,509.28682170542635,1442.8372093023256
0.8072994922199699,0.06541156850406976,0.3186782564581395,0.6421170416319767,1045.8558139534885,2962.0558139534883
