Demand,Avail_Sol,Avail_Wind_On,Avail_Wind_Off,Hyd_In,HydRoR_In
0.809990206063319,0.17936688475418214,0.36907128413894047,0.5190978993466543,6267.788104089219,1211.5353159851302
0.7549997198805286,0.23734129350805452,0.2819396717980173,0.3667871889033458,4017.557620817844,776.0247831474597
0.7460290149178127,0.2671067333526011,0.15688751441866228,0.27773923886622626,2432.664739884393,469.64161849710985
0.7862643050489408,0.30874793531991296,0.1427470718052231,0.2806647227763874,677.6594124047878,130.74863982589773
0.7552556205470204,0.24700364885465115,0.1672688262722868,0.30480459523837206,2307.201550387597,445.90697674418607
0.783217136735816,0.15612465907790696,0.23492261591627903,0.3822989374186046,6812.074418604651,1316.6558139534884
