{"μ′":0.0,"C′_E":0.22609291685236632,"κ′":0.5941276957280626}