{"f7":4.038662123482639e8,"f4":6.733928667618599e9,"f1":7.47702319162679e10,"f2":3.1139384349487465e10,"f8":1.46874e10,"f3":7.923262831606625e8,"f5":0.0,"f6":9.161209613119586e8}