{"f7":825725.2546249952,"f4":5.865923015567783e8,"f1":2.4651378481710518e10,"f2":2.397604210310799e9,"f8":1.46874e10,"f3":4.8228777051762164e8,"f5":0.0,"f6":4.541982536344555e7}