{"f7":77932.00613306875,"f4":4.242056337380604e8,"f1":2.533778361535647e10,"f2":2.8280868136662602e9,"f8":1.46874e10,"f3":1.5576614661092534e9,"f5":0.0,"f6":2.611275081043709e6}