{"f7":77932.00613263305,"f4":4.2420563373806065e8,"f1":2.5337783615356476e10,"f2":2.8280868136662617e9,"f8":1.46874e10,"f3":1.5576614661092708e9,"f5":0.0,"f6":2.611275081045835e6}