{"f7":1.5888185031186833e-10,"f4":4.5525238098960066e8,"f1":2.615031556309836e10,"f2":2.7674312269396844e9,"f8":1.46874e10,"f3":1.630856793804007e9,"f5":0.0,"f6":0.0}