{"μ′":1.5128569650759609e-6,"C′_E":0.5500000000004978,"κ′":0.4397362291023991}