{"f7":628722.9980720403,"f4":2.047536764612252e9,"f1":5.230468579813591e10,"f2":3.3108945487321796e10,"f8":1.4687400015545744e10,"f3":8.537025950289246e11,"f5":0.0,"f6":1.0683575103738825e9}