{"μ′":0.0,"C′_E":0.21740738716151065,"κ′":0.5745788330675841}