{"f7":2.489516176225323e9,"f4":5.207022690959139e9,"f1":6.941420488660182e10,"f2":3.509235400607973e10,"f8":1.46874e10,"f3":1.7014918844874988e11,"f5":0.0,"f6":4.37156638400033e9}