{"f7":0.0,"f4":4.710110294222352e8,"f1":2.609030275367684e10,"f2":2.7561090161527786e9,"f8":1.46874e10,"f3":1.6030216206874886e9,"f5":0.0,"f6":0.0}