{"f7":2.4342882993112642e8,"f4":6.847421790604605e9,"f1":7.517935981620625e10,"f2":3.2156746075658024e10,"f8":1.46874e10,"f3":8.681849711680462e8,"f5":0.0,"f6":4.353645252500895e8}