{"f7":0.0,"f4":4.2792971603776455e8,"f1":2.5305021220027588e10,"f2":2.8141482361795464e9,"f8":1.46874e10,"f3":1.5453863617058017e9,"f5":0.0,"f6":0.0}