{"μ′":0.0,"C′_E":0.2255484949018003,"κ′":0.5847534186176934}