{"f7":41549.64664282164,"f4":5.1995015588227224e8,"f1":3.4810101379689926e10,"f2":8.760787797261974e10,"f8":1.46874e10,"f3":8.51924212345778e11,"f5":0.0,"f6":3.7835974051307124e8}