{"f7":1.7310367803119888e9,"f4":6.017196839572041e9,"f1":7.29190163016206e10,"f2":3.961049830392906e10,"f8":1.46874e10,"f3":2.116542889316525e9,"f5":0.0,"f6":3.1596758307150383e9}