node,hydro_tech,hcap_min,hcap_max,wcap_min,wcap_max
1.0,1.0,3198.0000000000005,3198.0000000000005,3198.0000000000005,3198.0000000000005
2.0,1.0,30566.00000000001,30566.00000000001,30566.00000000001,30566.00000000001
3.0,1.0,0.0,0.0,0.0,0.0
4.0,1.0,0.0,26.562431395142152,0.0,26.562431395142152
5.0,1.0,17193.84828303851,27714.56397588172,17193.84828303851,27714.56397588172
6.0,1.0,3337.385005973715,5211.953730186862,3337.385005973715,5211.953730186862
7.0,1.0,1409.1213346814975,1885.3950461389122,1409.1213346814975,1885.3950461389122
8.0,1.0,3152.6404411764706,4117.396581287316,3152.6404411764706,4117.396581287316
