node,HydroRoR,Fmin,hyd_in_avg,hydror_avg,hyd_flow_min
1,0.0,0.05,1887.8995433789955,0.0,2881
2,0.0,0.05,15867.579908675796,0.0,5089
3,16184.000000000002,0.05,0.0,8439.155251141556,5089
4,0.0,0.05,0.0,0.0,1
5,8203.1517169615,0.05,4428.342337462405,2112.753552948555,5089
6,7920.614994026283,0.05,828.8972016279056,1967.2215198332815,5089
7,3033.878665318505,0.05,313.1004212240279,674.1141906481197,4345
8,15408.35955882353,0.05,620.6612610797746,3033.448327961322,5089
