node,hydro_tech,hcap_min,hcap_max,wcap_min,wcap_max
1,1,0.0,0.0,0.0,0.0
2,1,29368.74309674781,29368.74309674781,1.4114e7,4.221e7
3,1,16184.000000000002,16477.43723435082,1.504e6,1.2519e7
4,1,0.0,0.0,0.0,0.0
5,1,8450.383557839194,13621.07492628669,1.807e6,4.008e6
6,1,994.7504424778759,1553.489714251575,0.0,0.0
7,1,0.0,0.0,0.0,0.0
8,1,13695.168626392691,17886.099456815984,5.104802e6,1.2408446e7
