{"f7":4.896177161886173e7,"f4":1.6155017260016007e9,"f1":5.212910705074699e10,"f2":4.417595278936571e10,"f8":1.46874e10,"f3":0.0,"f5":0.0,"f6":1.4963213536581702e9}