{"f7":7.919747916876143e7,"f4":5.221367722061974e9,"f1":6.7635507341041275e10,"f2":2.758040696416898e10,"f8":1.46874e10,"f3":0.0,"f5":0.0,"f6":2.582724430011729e9}