{"f7":3.8021940887378424e7,"f4":2.047536764612252e9,"f1":5.230468579813591e10,"f2":4.4449128055421616e10,"f8":1.4687400015545744e10,"f3":28280.7081888888,"f5":0.0,"f6":1.0683575103738825e9}