{"f7":7.919747916876127e7,"f4":5.221367722061975e9,"f1":6.763550734104131e10,"f2":2.758040696416901e10,"f8":1.46874e10,"f3":0.0,"f5":0.0,"f6":2.5827244300116568e9}