Demand,Avail_Sol,Avail_Wind_On,Avail_Wind_Off,Hyd_In,HydRoR_In
0.8527505341967847,0.012051347417852524,0.30604165052393273,0.5140677345549806,0.0,1324.2755498059507
0.9048809303101895,0.11215647388107325,0.2503930615685279,0.45977792943799867,0.0,2185.3335750543874
0.769493198420867,0.1940706619702602,0.2148927252998761,0.410056131976456,0.0,4594.035935563817
0.7064010908445267,0.3088567473377374,0.24976379211808425,0.4642062790396367,0.0,1220.0057803468208
0.7390241012685688,0.2592044178072289,0.17321976667933273,0.3653884108285449,0.0,1312.014828544949
0.7092230945961826,0.18169536050461138,0.23548309232674572,0.44728899699341235,0.0,1285.4202898550725
0.7208530270015007,0.1069608810988372,0.38671301936627905,0.6493566213372094,0.0,1717.3720930232557
0.7751901253975287,0.042365165465517246,0.2976851727241379,0.5729034952909484,0.0,1968.5172413793102
0.8304337384938063,0.012182565450636944,0.32412038732643317,0.571949811691879,0.0,1778.8535031847134
