Demand,Avail_Sol,Avail_Wind_On,Avail_Wind_Off,Hyd_In,HydRoR_In
0.807130586008922,0.15537412822380336,0.30210177908020697,0.49557703820439847,7961.053040103493,1538.7606727037517
0.8115931692990324,0.19281605139521393,0.4066111154735315,0.5322825444974619,5318.626540971719,1028.1087744742567
0.7549997198805286,0.23734129350805452,0.2819396717980173,0.3667871889033458,4017.557620817844,776.0247831474597
0.7460290149178127,0.2671067333526011,0.15688751441866228,0.27773923886622626,2432.664739884393,469.64161849710985
0.7876792186610877,0.3181614490120482,0.14058295037071364,0.2649659880463392,744.9796107506951,143.78405931417979
0.7842528534184978,0.295365614801054,0.14582360280368906,0.3029821598959157,581.9565217391304,112.21739130434783
0.7552556205470204,0.24700364885465115,0.1672688262722868,0.30480459523837206,2307.201550387597,445.90697674418607
0.7629270551127985,0.17274578611637934,0.2756548063318966,0.41415427953232764,4645.758620689655,897.8275862068965
0.7907128356793514,0.14998437010828025,0.21987505512579616,0.37053072186066877,7612.369426751592,1471.3821656050955
