{"f7":1.241557639061323e8,"f4":6.66631682284417e9,"f1":7.476604665373586e10,"f2":3.2185578316961784e10,"f8":1.468740025157492e10,"f3":3.615897678673628e8,"f5":0.0,"f6":3.8457755048055345e8}