{"μ′":2.2181061997322536e-11,"C′_E":0.5500000000004099,"κ′":0.3199999999999536}