{"f7":62739.91238133008,"f4":2.3860111272034025e8,"f1":3.252376732638622e10,"f2":7.854528421184918e10,"f8":1.46874e10,"f3":1.1204179817678506e12,"f5":0.0,"f6":7.438954893711203e7}