node,hydro_tech,hcap_min,hcap_max,wcap_min,wcap_max
1.0,1.0,49947.99999999999,319999.66574595857,49947.99999999999,319999.66574595857
2.0,1.0,3295.648604269293,1.3514202556875877e6,3295.648604269293,1.3514202556875877e6
3.0,1.0,17778.88876489756,9.751976395577423e6,17778.88876489756,9.751976395577423e6
4.0,1.0,14536.83297368676,5.854227116236057e6,14536.83297368676,5.854227116236057e6
5.0,1.0,28426.363191062712,1.0228844542976277e7,28426.363191062712,1.0228844542976277e7
