node,HydroRoR,Fmin,hyd_in_avg,hydror_avg,hyd_flow_min
1,0.0,0.05,26194.63470319635,0.0,5089
2,4029.351395730705,0.05,505.1817861454139,617.6492640828965,5089
3,15152.111235102446,0.05,4140.459264567675,3528.718817624108,5089
4,27792.167026313262,0.05,4159.20495972561,7951.753944383973,745
5,27484.63680893725,0.05,6323.233167087184,6113.753134282675,5089
