node,hydro_tech,hcap_min,hcap_max,wcap_min,wcap_max
1.0,1.0,45543.38197389718,45835.16276609281,1.5618e7,5.4729e7
2.0,1.0,267.9701403994462,377.8545119268383,1.616151e6,3.081398e6
3.0,1.0,8008.5895885413165,12401.41625291198,1.807e6,4.008e6
4.0,1.0,10235.9857149834,14358.1893092965,631295.0,6.053548e6
5.0,1.0,25685.795825138965,34928.484054091874,8.526148e6,2.0199805e7
