Node,Name,Max_Demand
1,Nordics,77242.18980648856
2,Eastern,48988.979278891115
3,Western,226705.8821384105
4,Central,157951.81425229515
5,Mediterranian,152415.00077221723
