{"f7":3.945348680024678e7,"f4":6.751521371498559e9,"f1":7.442867816561807e10,"f2":3.2107094270279354e10,"f8":1.46874e10,"f3":8.321551219062634e8,"f5":0.0,"f6":9.570547168487567e7}