Demand,Avail_Sol,Avail_Wind_On,Avail_Wind_Off,Hyd_In,HydRoR_In
0.8459261087025624,0.0850866433440572,0.4307979195567471,0.5477105636831993,0.0,0.0
0.7281409447580861,0.2781464273156355,0.3181417113394649,0.43088592110576923,0.0,0.0
0.718590347917372,0.23337442285000004,0.2647510170007462,0.3672382638238806,0.0,0.0
0.7323595872980622,0.12924457461706948,0.5444250931714502,0.6930396072265861,0.0,0.0
0.8006993816921214,0.039787456051841745,0.4553552849017735,0.601364117085266,0.0,0.0
