Demand,Avail_Sol,Avail_Wind_On,Avail_Wind_Off,Hyd_In,HydRoR_In
0.8529711659946325,0.10925411151921358,0.3034940705960679,0.566760206652815,1064.0616621983913,3013.372654155496
0.7233737059551953,0.24266701301086957,0.17231606202466557,0.45012441213503346,521.2483277591973,1477.1128762541805
0.7233493631715328,0.23857835090746268,0.11668665358507463,0.33187714131865675,397.1626865671642,1125.4089552238806
0.7399423438798838,0.1645214676321752,0.22967063972885202,0.584443679033988,529.3368580060423,1499.8353474320243
0.8131955318682613,0.06267038767121418,0.3066239618383357,0.6254077217605729,1117.9072305593452,3165.819918144611
