Demand,Avail_Sol,Avail_Wind_On,Avail_Wind_Off,Hyd_In,HydRoR_In
0.8139098430763001,0.09779476543163537,0.5079621018646112,0.6373840809267204,0.0,1590.053619302949
0.7131231128098905,0.2152032559477425,0.2755550527002509,0.3812922796425585,0.0,407.42224080267556
0.6957210414657029,0.16276438063805967,0.2837810042283583,0.36624074650671645,0.0,371.08358208955224
0.7198624094027221,0.1205501651283988,0.477881672391994,0.5704056434169185,0.0,1216.2945619335349
0.7772909948376813,0.050982102433151426,0.521185986995225,0.6528232374556617,0.0,1915.3888130968621
