Demand,Avail_Sol,Avail_Wind_On,Avail_Wind_Off,Hyd_In,HydRoR_In
0.8075527776453966,0.18046897092850758,0.3706424777931188,0.5177312064043789,6183.080428954424,1195.142091152815
0.7544957560264075,0.2662335012132107,0.18520099128135453,0.2922523633206522,2630.0108695652175,507.84364548494983
0.791422462388445,0.31387218303805975,0.1465288222455224,0.2960021651231344,561.2746268656716,108.28059701492538
0.7548560069531182,0.23446164480589124,0.18306930762462234,0.3239815089728097,2534.0558912386705,489.77190332326285
0.7882288438849886,0.15019308557844477,0.23163978382401093,0.37794537658526595,7355.952251023193,1421.7653478854024
