{"f7":3.8044885004468407e6,"f4":2.55941114203366e8,"f1":3.247289647024261e10,"f2":7.228748123334595e9,"f8":1.46874e10,"f3":2.75683285733561e8,"f5":0.0,"f6":8.29651669950866e7}