{"f7":4.1526600217490564e6,"f4":2.7833995346748906e8,"f1":2.811965540353572e10,"f2":7.618490247046525e9,"f8":1.46874e10,"f3":4.4886399228535837e8,"f5":0.0,"f6":8.293348470766765e7}