{"f7":3.3423930290155113e-10,"f4":2.8380873080908334e8,"f1":3.242019373583113e10,"f2":7.1666125302834835e9,"f8":1.46874e10,"f3":4.469297576386298e8,"f5":0.0,"f6":0.0}