{"f7":9.929237915506272e8,"f4":6.611057577752223e9,"f1":7.326919965004016e10,"f2":3.1870635348427258e10,"f8":1.46874e10,"f3":2.901176732255201e8,"f5":0.0,"f6":1.8675918483239202e9}