{"μ′":0.0,"C′_E":0.22647753280737948,"κ′":0.5542226894756398}