{"μ′":3.945627138954842e-5,"C′_E":0.5500000044693322,"κ′":0.6138964221924911}