{"f7":547622.7939171707,"f4":2.170186813135633e9,"f1":5.231449174500479e10,"f2":3.1725126120079723e10,"f8":1.4687399981181313e10,"f3":8.533347574905461e11,"f5":0.0,"f6":9.009146193526001e8}