{"f7":1.2221631813142e9,"f4":5.22800055978131e9,"f1":6.661334432677367e10,"f2":2.923741670189297e10,"f8":1.46874e10,"f3":3.775731758227646e11,"f5":0.0,"f6":2.5749817378339996e9}