{"f7":3.7871443744020617e8,"f4":9.671838445646267e9,"f1":7.885587292116196e10,"f2":2.735502995986635e10,"f8":1.468742280137307e10,"f3":3.496200669574641e8,"f5":0.0,"f6":9.022607056121826e8}