{"f7":825727.3636338267,"f4":5.865932955554022e8,"f1":2.4651377021105457e10,"f2":2.3976041863423657e9,"f8":1.46874e10,"f3":4.822885748120288e8,"f5":0.0,"f6":4.541985670700159e7}