{"f7":5.508648284792215e8,"f4":6.911881538310169e9,"f1":7.461857753187529e10,"f2":3.19945003676512e10,"f8":1.46874e10,"f3":6.21073965114352e8,"f5":0.0,"f6":1.0189351218804057e9}