{"f7":0.0,"f4":1.4648096186647284e8,"f1":3.1428281641349842e10,"f2":4.6759919623359785e9,"f8":1.46874e10,"f3":2.5944288877031982e8,"f5":0.0,"f6":0.0}