{"f7":415506.21361885144,"f4":1.4609318842657498e8,"f1":2.849871573566125e10,"f2":4.8811821531900835e9,"f8":1.46874e10,"f3":2.589664066547683e8,"f5":0.0,"f6":1.0771518145968547e7}