Demand,Avail_Sol,Avail_Wind_On,Avail_Wind_Off,Hyd_In,HydRoR_In
0.8530357677430078,0.012161477224543082,0.30487356339295035,0.5131444326892952,0.0,1323.976501305483
0.8980967114336349,0.11375162471942935,0.25545794305298913,0.4631143177995922,0.0,2333.891304347826
0.7261254459408286,0.2618588557796822,0.22949495195443143,0.440656783409281,0.0,2249.704849498328
0.7317915237096579,0.2282112990104478,0.1945605010679104,0.3870274442895523,0.0,1283.9850746268658
0.7279911008028842,0.09822855918957704,0.36539222409818733,0.6334835391956193,0.0,1733.9199395770393
0.8246955432400144,0.012666104214188267,0.31697123077762623,0.5636991610170532,0.0,1832.2742155525239
