Demand,Avail_Sol,Avail_Wind_On,Avail_Wind_Off,Hyd_In,HydRoR_In
0.8511850708085165,0.01838528428328982,0.42324936771671023,0.5798367974477807,24762.718015665796,1220.7180156657964
0.8877321696684604,0.13466920867730978,0.30108016375339675,0.4370105811630435,18826.847826086956,927.7336956521739
0.7411147409884155,0.2427088598653846,0.27905397662541803,0.41441643237123743,9735.65050167224,479.95317725752506
0.7184392956445882,0.18253412066791042,0.2518049245283581,0.35186616593731346,5405.859701492537,265.8298507462687
0.7420818228928205,0.08854886595921449,0.46801540514803636,0.6069143061072507,11573.453172205438,570.2688821752266
0.8235783240113921,0.017183006693724422,0.37762651545361525,0.5532083395477491,27234.55525238745,1342.713506139154
