Demand,Avail_Sol,Avail_Wind_On,Avail_Wind_Off,Hyd_In,HydRoR_In
0.7955426815391562,0.0669715247062663,0.4429396900039165,0.6480991944569192,3445.524804177546,4512.462140992167
0.8242677795997928,0.14590545398369564,0.36586356405502723,0.6173470852961956,3163.4402173913045,4142.967391304348
0.692878093513756,0.24001616137667223,0.19924420883403007,0.36636816369439795,3008.014214046823,3938.992474916388
0.689870155308175,0.2538846236985075,0.14647883805671644,0.30373168275671647,948.9626865671642,1242.8507462686566
0.6971840101795499,0.20178582977416917,0.24721050371072506,0.4266820982567974,2640.5755287009065,3458.083081570997
0.7963376835318248,0.09027698183083221,0.3330608223594816,0.5638846952346521,3783.3847203274217,4954.470668485676
