Demand,Avail_Sol,Avail_Wind_On,Avail_Wind_Off,Hyd_In,HydRoR_In
0.8021453528822279,0.05762596857441253,0.5880946355365535,0.7036528920783289,0.0,1919.4595300261096
0.820031853598487,0.11869782140489128,0.46626269915217383,0.6028990881671195,0.0,1418.6372282608695
0.7131231128098905,0.2152032559477425,0.2755550527002509,0.3812922796425585,0.0,407.42224080267556
0.6957210414657029,0.16276438063805967,0.2837810042283583,0.36624074650671645,0.0,371.08358208955224
0.7198624094027221,0.1205501651283988,0.477881672391994,0.5704056434169185,0.0,1216.2945619335349
0.7772909948376813,0.050982102433151426,0.521185986995225,0.6528232374556617,0.0,1915.3888130968621
