Demand,Avail_Sol,Avail_Wind_On,Avail_Wind_Off,Hyd_In,HydRoR_In
0.8079696601963351,0.15679399623629245,0.30017808312141,0.49351496664621414,7966.198433420365,1539.7545691906005
0.8073358401222854,0.1927889645523098,0.40731077012907607,0.5303328637785324,5255.180706521739,1015.8125
0.7544957560264075,0.2662335012132107,0.18520099128135453,0.2922523633206522,2630.0108695652175,507.84364548494983
0.791422462388445,0.31387218303805975,0.1465288222455224,0.2960021651231344,561.2746268656716,108.28059701492538
0.7548560069531182,0.23446164480589124,0.18306930762462234,0.3239815089728097,2534.0558912386705,489.77190332326285
0.7882288438849886,0.15019308557844477,0.23163978382401093,0.37794537658526595,7355.952251023193,1421.7653478854024
