{"f1":2.9964967372720074e7,"f2":1.257142725101078e7,"f3":53699.708007624504,"f4":996769.4077884523,"f5":4827.431106529808,"f6":600065.9464279632,"f7":0.004033219278659253}