{"f7":8.459005080653884e7,"f4":5.22800055978131e9,"f1":6.661334432677367e10,"f2":2.7373216779377438e10,"f8":1.46874e10,"f3":0.0,"f5":0.0,"f6":2.5749817378339996e9}