{"f7":8.547005347922859e7,"f4":5.2575355341634865e9,"f1":6.732332138411677e10,"f2":2.7385141176946285e10,"f8":1.46874e10,"f3":0.0,"f5":0.0,"f6":2.61577457608972e9}