{"f7":4.409926109015021e7,"f4":1.6743858256707492e9,"f1":5.204153819782617e10,"f2":4.399874958247662e10,"f8":1.46874e10,"f3":0.0,"f5":0.0,"f6":1.3168655079564161e9}