{"f7":8.547005347922881e7,"f4":5.257535534163492e9,"f1":6.73233213841167e10,"f2":2.7385141176946354e10,"f8":1.46874e10,"f3":0.0,"f5":0.0,"f6":2.6157745760897245e9}