Demand,Avail_Sol,Avail_Wind_On,Avail_Wind_Off,Hyd_In,HydRoR_In
0.8527505341967847,0.012051347417852524,0.30604165052393273,0.5140677345549806,0.0,1324.2755498059507
0.9048809303101895,0.11215647388107325,0.2503930615685279,0.45977792943799867,0.0,2185.3335750543874
0.769493198420867,0.1940706619702602,0.2148927252998761,0.410056131976456,0.0,4594.035935563817
0.7064010908445267,0.3088567473377374,0.24976379211808425,0.4642062790396367,0.0,1220.0057803468208
0.7267178096122352,0.22719714115179543,0.19893133586670292,0.3992091643101196,0.0,1301.0326441784548
0.7208530270015007,0.1069608810988372,0.38671301936627905,0.6493566213372094,0.0,1717.3720930232557
0.8155308103096942,0.020324848245348838,0.31698902710813953,0.5722070844767442,0.0,1830.0186046511628
