Demand,Avail_Sol,Avail_Wind_On,Avail_Wind_Off,Hyd_In,HydRoR_In
0.8619918304651166,0.014182225238033636,0.31546216038551095,0.5325775688680466,11105.95084087969,0.0
0.9031933199002137,0.11017797041624362,0.22129112195576506,0.48043427731109506,9787.02538071066,0.0
0.7866530723912349,0.21567993870508056,0.2051828813816605,0.49056488432837664,13492.296158612144,0.0
0.7365488082663044,0.2587360397778695,0.25563213867299756,0.4188402272204789,5190.410404624277,0.0
0.7485481114749061,0.20611640183297064,0.194306159937432,0.3668606761044614,3476.771490750816,0.0
0.7492158382240979,0.10316134833720929,0.37723722930329456,0.6394453572936046,5950.364341085271,0.0
0.8282013266212338,0.021323267364534885,0.30265277613662783,0.5655633250005813,12870.07441860465,0.0
