Demand,Avail_Sol,Avail_Wind_On,Avail_Wind_Off,Hyd_In,HydRoR_In
0.795296362879924,0.06636505553040103,0.44127505825355756,0.6485697515407504,3444.4605433376455,4511.072445019405
0.8315219175678554,0.1468607892683104,0.3583910660210297,0.6117674912791878,3133.1921682378534,4103.348078317622
0.7066573509215633,0.21217276859851303,0.2748378616964064,0.43065814064684016,3720.0508054522925,4871.91697645601
0.6840460599113303,0.2310531455540875,0.1704346396589595,0.34844394509744014,3159.393063583815,4136.8265895953755
0.691022401623191,0.2616272092470076,0.15913206046681172,0.3191840750457019,1096.0816104461371,1435.5223068552775
0.6899507727639784,0.2190378045368217,0.2359703174641473,0.4075480824631783,2488.3178294573645,3258.720930232558
0.7865043614585464,0.09775566233372095,0.3295157755819768,0.5572009184889535,3727.506976744186,4881.302325581395
