Demand,Avail_Sol,Avail_Wind_On,Avail_Wind_Off,Hyd_In,HydRoR_In
0.807130586008922,0.15537412822380336,0.30210177908020697,0.49557703820439847,7961.053040103493,1538.7606727037517
0.8115931692990324,0.19281605139521393,0.4066111154735315,0.5322825444974619,5318.626540971719,1028.1087744742567
0.7549997198805286,0.23734129350805452,0.2819396717980173,0.3667871889033458,4017.557620817844,776.0247831474597
0.7460290149178127,0.2671067333526011,0.15688751441866228,0.27773923886622626,2432.664739884393,469.64161849710985
0.7862643050489408,0.30874793531991296,0.1427470718052231,0.2806647227763874,677.6594124047878,130.74863982589773
0.7552556205470204,0.24700364885465115,0.1672688262722868,0.30480459523837206,2307.201550387597,445.90697674418607
0.783217136735816,0.15612465907790696,0.23492261591627903,0.3822989374186046,6812.074418604651,1316.6558139534884
